<?xml version="1.0" encoding="UTF-8"?>
<rss version="2.0" xmlns:ror="http://rorweb.com/0.1/" >
<channel>
  <title>ROR Sitemap for https://frascos.perfuvalle.com/</title>
  <link>https://frascos.perfuvalle.com/</link>

<item>
     <link>https://frascos.perfuvalle.com/</link>
     <title>Perfuvalle - Frascos para Perfumes al por Mayor | Envases para Perfumería</title>
     <description>Distribuidor mayorista de frascos y envases para perfumes, lociones y colonias. Amplio catálogo de botellas de vidrio y plástico para perfumería a precios de fábrica.</description>
     <ror:updatePeriod></ror:updatePeriod>
     <ror:sortOrder>0</ror:sortOrder>
     <ror:resourceOf>sitemap</ror:resourceOf>
</item>
<item>
     <link>https://frascos.perfuvalle.com/index.html</link>
     <title>Perfuvalle - Frascos para Perfumes al por Mayor | Envases para Perfumería</title>
     <description>Distribuidor mayorista de frascos y envases para perfumes, lociones y colonias. Amplio catálogo de botellas de vidrio y plástico para perfumería a precios de fábrica.</description>
     <ror:updatePeriod></ror:updatePeriod>
     <ror:sortOrder>1</ror:sortOrder>
     <ror:resourceOf>sitemap</ror:resourceOf>
</item>
<item>
     <link>https://frascos.perfuvalle.com/productos.html</link>
     <title>Catálogo de Frascos para Perfumes | Perfuvalle</title>
     <description>Explora nuestro catálogo completo de frascos y envases para perfumes al por mayor. Envíos a todo Colombia.</description>
     <ror:updatePeriod></ror:updatePeriod>
     <ror:sortOrder>1</ror:sortOrder>
     <ror:resourceOf>sitemap</ror:resourceOf>
</item>
<item>
     <link>https://frascos.perfuvalle.com/producto.html?id=13</link>
     <title>Detalle de Producto | Perfuvalle</title>
     <description>Detalle del frasco seleccionado. Compra al por mayor con los mejores precios.</description>
     <ror:updatePeriod></ror:updatePeriod>
     <ror:sortOrder>1</ror:sortOrder>
     <ror:resourceOf>sitemap</ror:resourceOf>
</item>
<item>
     <link>https://frascos.perfuvalle.com/producto.html?id=40</link>
     <title>Detalle de Producto | Perfuvalle</title>
     <description>Detalle del frasco seleccionado. Compra al por mayor con los mejores precios.</description>
     <ror:updatePeriod></ror:updatePeriod>
     <ror:sortOrder>1</ror:sortOrder>
     <ror:resourceOf>sitemap</ror:resourceOf>
</item>
<item>
     <link>https://frascos.perfuvalle.com/producto.html?id=61</link>
     <title>Detalle de Producto | Perfuvalle</title>
     <description>Detalle del frasco seleccionado. Compra al por mayor con los mejores precios.</description>
     <ror:updatePeriod></ror:updatePeriod>
     <ror:sortOrder>1</ror:sortOrder>
     <ror:resourceOf>sitemap</ror:resourceOf>
</item>
<item>
     <link>https://frascos.perfuvalle.com/producto.html?id=52</link>
     <title>Detalle de Producto | Perfuvalle</title>
     <description>Detalle del frasco seleccionado. Compra al por mayor con los mejores precios.</description>
     <ror:updatePeriod></ror:updatePeriod>
     <ror:sortOrder>1</ror:sortOrder>
     <ror:resourceOf>sitemap</ror:resourceOf>
</item>
<item>
     <link>https://frascos.perfuvalle.com/producto.html?id=24</link>
     <title>Detalle de Producto | Perfuvalle</title>
     <description>Detalle del frasco seleccionado. Compra al por mayor con los mejores precios.</description>
     <ror:updatePeriod></ror:updatePeriod>
     <ror:sortOrder>1</ror:sortOrder>
     <ror:resourceOf>sitemap</ror:resourceOf>
</item>
<item>
     <link>https://frascos.perfuvalle.com/producto.html?id=36</link>
     <title>Detalle de Producto | Perfuvalle</title>
     <description>Detalle del frasco seleccionado. Compra al por mayor con los mejores precios.</description>
     <ror:updatePeriod></ror:updatePeriod>
     <ror:sortOrder>1</ror:sortOrder>
     <ror:resourceOf>sitemap</ror:resourceOf>
</item>
<item>
     <link>https://frascos.perfuvalle.com/producto.html?id=35</link>
     <title>Detalle de Producto | Perfuvalle</title>
     <description>Detalle del frasco seleccionado. Compra al por mayor con los mejores precios.</description>
     <ror:updatePeriod></ror:updatePeriod>
     <ror:sortOrder>1</ror:sortOrder>
     <ror:resourceOf>sitemap</ror:resourceOf>
</item>
<item>
     <link>https://frascos.perfuvalle.com/producto.html?id=79</link>
     <title>Detalle de Producto | Perfuvalle</title>
     <description>Detalle del frasco seleccionado. Compra al por mayor con los mejores precios.</description>
     <ror:updatePeriod></ror:updatePeriod>
     <ror:sortOrder>1</ror:sortOrder>
     <ror:resourceOf>sitemap</ror:resourceOf>
</item>
<item>
     <link>https://frascos.perfuvalle.com/producto.html?id=55</link>
     <title>Detalle de Producto | Perfuvalle</title>
     <description>Detalle del frasco seleccionado. Compra al por mayor con los mejores precios.</description>
     <ror:updatePeriod></ror:updatePeriod>
     <ror:sortOrder>1</ror:sortOrder>
     <ror:resourceOf>sitemap</ror:resourceOf>
</item>
<item>
     <link>https://frascos.perfuvalle.com/producto.html?id=14</link>
     <title>Detalle de Producto | Perfuvalle</title>
     <description>Detalle del frasco seleccionado. Compra al por mayor con los mejores precios.</description>
     <ror:updatePeriod></ror:updatePeriod>
     <ror:sortOrder>1</ror:sortOrder>
     <ror:resourceOf>sitemap</ror:resourceOf>
</item>
<item>
     <link>https://frascos.perfuvalle.com/productos.html?categoria=30ml</link>
     <title>Catálogo de Frascos para Perfumes | Perfuvalle</title>
     <description>Explora nuestro catálogo completo de frascos y envases para perfumes al por mayor. Envíos a todo Colombia.</description>
     <ror:updatePeriod></ror:updatePeriod>
     <ror:sortOrder>1</ror:sortOrder>
     <ror:resourceOf>sitemap</ror:resourceOf>
</item>
<item>
     <link>https://frascos.perfuvalle.com/productos.html?categoria=50ml</link>
     <title>Catálogo de Frascos para Perfumes | Perfuvalle</title>
     <description>Explora nuestro catálogo completo de frascos y envases para perfumes al por mayor. Envíos a todo Colombia.</description>
     <ror:updatePeriod></ror:updatePeriod>
     <ror:sortOrder>1</ror:sortOrder>
     <ror:resourceOf>sitemap</ror:resourceOf>
</item>
<item>
     <link>https://frascos.perfuvalle.com/productos.html?categoria=100ml</link>
     <title>Catálogo de Frascos para Perfumes | Perfuvalle</title>
     <description>Explora nuestro catálogo completo de frascos y envases para perfumes al por mayor. Envíos a todo Colombia.</description>
     <ror:updatePeriod></ror:updatePeriod>
     <ror:sortOrder>1</ror:sortOrder>
     <ror:resourceOf>sitemap</ror:resourceOf>
</item>
<item>
     <link>https://frascos.perfuvalle.com/productos.html?categoria=especiales</link>
     <title>Catálogo de Frascos para Perfumes | Perfuvalle</title>
     <description>Explora nuestro catálogo completo de frascos y envases para perfumes al por mayor. Envíos a todo Colombia.</description>
     <ror:updatePeriod></ror:updatePeriod>
     <ror:sortOrder>1</ror:sortOrder>
     <ror:resourceOf>sitemap</ror:resourceOf>
</item>
<item>
     <link>https://frascos.perfuvalle.com/productos.html?categoria=accesorios</link>
     <title>Catálogo de Frascos para Perfumes | Perfuvalle</title>
     <description>Explora nuestro catálogo completo de frascos y envases para perfumes al por mayor. Envíos a todo Colombia.</description>
     <ror:updatePeriod></ror:updatePeriod>
     <ror:sortOrder>1</ror:sortOrder>
     <ror:resourceOf>sitemap</ror:resourceOf>
</item>
<item>
     <link>https://frascos.perfuvalle.com/producto.html?id=16</link>
     <title>Detalle de Producto | Perfuvalle</title>
     <description>Detalle del frasco seleccionado. Compra al por mayor con los mejores precios.</description>
     <ror:updatePeriod></ror:updatePeriod>
     <ror:sortOrder>2</ror:sortOrder>
     <ror:resourceOf>sitemap</ror:resourceOf>
</item>
<item>
     <link>https://frascos.perfuvalle.com/producto.html?id=20</link>
     <title>Detalle de Producto | Perfuvalle</title>
     <description>Detalle del frasco seleccionado. Compra al por mayor con los mejores precios.</description>
     <ror:updatePeriod></ror:updatePeriod>
     <ror:sortOrder>2</ror:sortOrder>
     <ror:resourceOf>sitemap</ror:resourceOf>
</item>
<item>
     <link>https://frascos.perfuvalle.com/producto.html?id=21</link>
     <title>Detalle de Producto | Perfuvalle</title>
     <description>Detalle del frasco seleccionado. Compra al por mayor con los mejores precios.</description>
     <ror:updatePeriod></ror:updatePeriod>
     <ror:sortOrder>2</ror:sortOrder>
     <ror:resourceOf>sitemap</ror:resourceOf>
</item>
<item>
     <link>https://frascos.perfuvalle.com/producto.html?id=28</link>
     <title>Detalle de Producto | Perfuvalle</title>
     <description>Detalle del frasco seleccionado. Compra al por mayor con los mejores precios.</description>
     <ror:updatePeriod></ror:updatePeriod>
     <ror:sortOrder>2</ror:sortOrder>
     <ror:resourceOf>sitemap</ror:resourceOf>
</item>
<item>
     <link>https://frascos.perfuvalle.com/producto.html?id=42</link>
     <title>Detalle de Producto | Perfuvalle</title>
     <description>Detalle del frasco seleccionado. Compra al por mayor con los mejores precios.</description>
     <ror:updatePeriod></ror:updatePeriod>
     <ror:sortOrder>2</ror:sortOrder>
     <ror:resourceOf>sitemap</ror:resourceOf>
</item>
<item>
     <link>https://frascos.perfuvalle.com/producto.html?id=43</link>
     <title>Detalle de Producto | Perfuvalle</title>
     <description>Detalle del frasco seleccionado. Compra al por mayor con los mejores precios.</description>
     <ror:updatePeriod></ror:updatePeriod>
     <ror:sortOrder>2</ror:sortOrder>
     <ror:resourceOf>sitemap</ror:resourceOf>
</item>
<item>
     <link>https://frascos.perfuvalle.com/producto.html?id=44</link>
     <title>Detalle de Producto | Perfuvalle</title>
     <description>Detalle del frasco seleccionado. Compra al por mayor con los mejores precios.</description>
     <ror:updatePeriod></ror:updatePeriod>
     <ror:sortOrder>2</ror:sortOrder>
     <ror:resourceOf>sitemap</ror:resourceOf>
</item>
<item>
     <link>https://frascos.perfuvalle.com/producto.html?id=45</link>
     <title>Detalle de Producto | Perfuvalle</title>
     <description>Detalle del frasco seleccionado. Compra al por mayor con los mejores precios.</description>
     <ror:updatePeriod></ror:updatePeriod>
     <ror:sortOrder>2</ror:sortOrder>
     <ror:resourceOf>sitemap</ror:resourceOf>
</item>
<item>
     <link>https://frascos.perfuvalle.com/producto.html?id=48</link>
     <title>Detalle de Producto | Perfuvalle</title>
     <description>Detalle del frasco seleccionado. Compra al por mayor con los mejores precios.</description>
     <ror:updatePeriod></ror:updatePeriod>
     <ror:sortOrder>2</ror:sortOrder>
     <ror:resourceOf>sitemap</ror:resourceOf>
</item>
<item>
     <link>https://frascos.perfuvalle.com/producto.html?id=50</link>
     <title>Detalle de Producto | Perfuvalle</title>
     <description>Detalle del frasco seleccionado. Compra al por mayor con los mejores precios.</description>
     <ror:updatePeriod></ror:updatePeriod>
     <ror:sortOrder>2</ror:sortOrder>
     <ror:resourceOf>sitemap</ror:resourceOf>
</item>
<item>
     <link>https://frascos.perfuvalle.com/producto.html?id=59</link>
     <title>Detalle de Producto | Perfuvalle</title>
     <description>Detalle del frasco seleccionado. Compra al por mayor con los mejores precios.</description>
     <ror:updatePeriod></ror:updatePeriod>
     <ror:sortOrder>2</ror:sortOrder>
     <ror:resourceOf>sitemap</ror:resourceOf>
</item>
<item>
     <link>https://frascos.perfuvalle.com/producto.html?id=60</link>
     <title>Detalle de Producto | Perfuvalle</title>
     <description>Detalle del frasco seleccionado. Compra al por mayor con los mejores precios.</description>
     <ror:updatePeriod></ror:updatePeriod>
     <ror:sortOrder>2</ror:sortOrder>
     <ror:resourceOf>sitemap</ror:resourceOf>
</item>
<item>
     <link>https://frascos.perfuvalle.com/producto.html?id=63</link>
     <title>Detalle de Producto | Perfuvalle</title>
     <description>Detalle del frasco seleccionado. Compra al por mayor con los mejores precios.</description>
     <ror:updatePeriod></ror:updatePeriod>
     <ror:sortOrder>2</ror:sortOrder>
     <ror:resourceOf>sitemap</ror:resourceOf>
</item>
<item>
     <link>https://frascos.perfuvalle.com/producto.html?id=65</link>
     <title>Detalle de Producto | Perfuvalle</title>
     <description>Detalle del frasco seleccionado. Compra al por mayor con los mejores precios.</description>
     <ror:updatePeriod></ror:updatePeriod>
     <ror:sortOrder>2</ror:sortOrder>
     <ror:resourceOf>sitemap</ror:resourceOf>
</item>
<item>
     <link>https://frascos.perfuvalle.com/producto.html?id=67</link>
     <title>Detalle de Producto | Perfuvalle</title>
     <description>Detalle del frasco seleccionado. Compra al por mayor con los mejores precios.</description>
     <ror:updatePeriod></ror:updatePeriod>
     <ror:sortOrder>2</ror:sortOrder>
     <ror:resourceOf>sitemap</ror:resourceOf>
</item>
<item>
     <link>https://frascos.perfuvalle.com/producto.html?id=74</link>
     <title>Detalle de Producto | Perfuvalle</title>
     <description>Detalle del frasco seleccionado. Compra al por mayor con los mejores precios.</description>
     <ror:updatePeriod></ror:updatePeriod>
     <ror:sortOrder>2</ror:sortOrder>
     <ror:resourceOf>sitemap</ror:resourceOf>
</item>
<item>
     <link>https://frascos.perfuvalle.com/producto.html?id=75</link>
     <title>Detalle de Producto | Perfuvalle</title>
     <description>Detalle del frasco seleccionado. Compra al por mayor con los mejores precios.</description>
     <ror:updatePeriod></ror:updatePeriod>
     <ror:sortOrder>2</ror:sortOrder>
     <ror:resourceOf>sitemap</ror:resourceOf>
</item>
<item>
     <link>https://frascos.perfuvalle.com/producto.html?id=77</link>
     <title>Detalle de Producto | Perfuvalle</title>
     <description>Detalle del frasco seleccionado. Compra al por mayor con los mejores precios.</description>
     <ror:updatePeriod></ror:updatePeriod>
     <ror:sortOrder>2</ror:sortOrder>
     <ror:resourceOf>sitemap</ror:resourceOf>
</item>
<item>
     <link>https://frascos.perfuvalle.com/producto.html?id=15</link>
     <title>Detalle de Producto | Perfuvalle</title>
     <description>Detalle del frasco seleccionado. Compra al por mayor con los mejores precios.</description>
     <ror:updatePeriod></ror:updatePeriod>
     <ror:sortOrder>2</ror:sortOrder>
     <ror:resourceOf>sitemap</ror:resourceOf>
</item>
<item>
     <link>https://frascos.perfuvalle.com/producto.html?id=17</link>
     <title>Detalle de Producto | Perfuvalle</title>
     <description>Detalle del frasco seleccionado. Compra al por mayor con los mejores precios.</description>
     <ror:updatePeriod></ror:updatePeriod>
     <ror:sortOrder>2</ror:sortOrder>
     <ror:resourceOf>sitemap</ror:resourceOf>
</item>
<item>
     <link>https://frascos.perfuvalle.com/producto.html?id=18</link>
     <title>Detalle de Producto | Perfuvalle</title>
     <description>Detalle del frasco seleccionado. Compra al por mayor con los mejores precios.</description>
     <ror:updatePeriod></ror:updatePeriod>
     <ror:sortOrder>2</ror:sortOrder>
     <ror:resourceOf>sitemap</ror:resourceOf>
</item>
<item>
     <link>https://frascos.perfuvalle.com/producto.html?id=19</link>
     <title>Detalle de Producto | Perfuvalle</title>
     <description>Detalle del frasco seleccionado. Compra al por mayor con los mejores precios.</description>
     <ror:updatePeriod></ror:updatePeriod>
     <ror:sortOrder>2</ror:sortOrder>
     <ror:resourceOf>sitemap</ror:resourceOf>
</item>
<item>
     <link>https://frascos.perfuvalle.com/producto.html?id=23</link>
     <title>Detalle de Producto | Perfuvalle</title>
     <description>Detalle del frasco seleccionado. Compra al por mayor con los mejores precios.</description>
     <ror:updatePeriod></ror:updatePeriod>
     <ror:sortOrder>2</ror:sortOrder>
     <ror:resourceOf>sitemap</ror:resourceOf>
</item>
<item>
     <link>https://frascos.perfuvalle.com/producto.html?id=26</link>
     <title>Detalle de Producto | Perfuvalle</title>
     <description>Detalle del frasco seleccionado. Compra al por mayor con los mejores precios.</description>
     <ror:updatePeriod></ror:updatePeriod>
     <ror:sortOrder>2</ror:sortOrder>
     <ror:resourceOf>sitemap</ror:resourceOf>
</item>
<item>
     <link>https://frascos.perfuvalle.com/producto.html?id=27</link>
     <title>Detalle de Producto | Perfuvalle</title>
     <description>Detalle del frasco seleccionado. Compra al por mayor con los mejores precios.</description>
     <ror:updatePeriod></ror:updatePeriod>
     <ror:sortOrder>2</ror:sortOrder>
     <ror:resourceOf>sitemap</ror:resourceOf>
</item>
<item>
     <link>https://frascos.perfuvalle.com/producto.html?id=29</link>
     <title>Detalle de Producto | Perfuvalle</title>
     <description>Detalle del frasco seleccionado. Compra al por mayor con los mejores precios.</description>
     <ror:updatePeriod></ror:updatePeriod>
     <ror:sortOrder>2</ror:sortOrder>
     <ror:resourceOf>sitemap</ror:resourceOf>
</item>
<item>
     <link>https://frascos.perfuvalle.com/producto.html?id=30</link>
     <title>Detalle de Producto | Perfuvalle</title>
     <description>Detalle del frasco seleccionado. Compra al por mayor con los mejores precios.</description>
     <ror:updatePeriod></ror:updatePeriod>
     <ror:sortOrder>2</ror:sortOrder>
     <ror:resourceOf>sitemap</ror:resourceOf>
</item>
<item>
     <link>https://frascos.perfuvalle.com/producto.html?id=31</link>
     <title>Detalle de Producto | Perfuvalle</title>
     <description>Detalle del frasco seleccionado. Compra al por mayor con los mejores precios.</description>
     <ror:updatePeriod></ror:updatePeriod>
     <ror:sortOrder>2</ror:sortOrder>
     <ror:resourceOf>sitemap</ror:resourceOf>
</item>
<item>
     <link>https://frascos.perfuvalle.com/producto.html?id=32</link>
     <title>Detalle de Producto | Perfuvalle</title>
     <description>Detalle del frasco seleccionado. Compra al por mayor con los mejores precios.</description>
     <ror:updatePeriod></ror:updatePeriod>
     <ror:sortOrder>2</ror:sortOrder>
     <ror:resourceOf>sitemap</ror:resourceOf>
</item>
<item>
     <link>https://frascos.perfuvalle.com/producto.html?id=33</link>
     <title>Detalle de Producto | Perfuvalle</title>
     <description>Detalle del frasco seleccionado. Compra al por mayor con los mejores precios.</description>
     <ror:updatePeriod></ror:updatePeriod>
     <ror:sortOrder>2</ror:sortOrder>
     <ror:resourceOf>sitemap</ror:resourceOf>
</item>
<item>
     <link>https://frascos.perfuvalle.com/producto.html?id=37</link>
     <title>Detalle de Producto | Perfuvalle</title>
     <description>Detalle del frasco seleccionado. Compra al por mayor con los mejores precios.</description>
     <ror:updatePeriod></ror:updatePeriod>
     <ror:sortOrder>2</ror:sortOrder>
     <ror:resourceOf>sitemap</ror:resourceOf>
</item>
<item>
     <link>https://frascos.perfuvalle.com/producto.html?id=38</link>
     <title>Detalle de Producto | Perfuvalle</title>
     <description>Detalle del frasco seleccionado. Compra al por mayor con los mejores precios.</description>
     <ror:updatePeriod></ror:updatePeriod>
     <ror:sortOrder>2</ror:sortOrder>
     <ror:resourceOf>sitemap</ror:resourceOf>
</item>
<item>
     <link>https://frascos.perfuvalle.com/producto.html?id=41</link>
     <title>Detalle de Producto | Perfuvalle</title>
     <description>Detalle del frasco seleccionado. Compra al por mayor con los mejores precios.</description>
     <ror:updatePeriod></ror:updatePeriod>
     <ror:sortOrder>2</ror:sortOrder>
     <ror:resourceOf>sitemap</ror:resourceOf>
</item>
<item>
     <link>https://frascos.perfuvalle.com/producto.html?id=49</link>
     <title>Detalle de Producto | Perfuvalle</title>
     <description>Detalle del frasco seleccionado. Compra al por mayor con los mejores precios.</description>
     <ror:updatePeriod></ror:updatePeriod>
     <ror:sortOrder>2</ror:sortOrder>
     <ror:resourceOf>sitemap</ror:resourceOf>
</item>
<item>
     <link>https://frascos.perfuvalle.com/producto.html?id=51</link>
     <title>Detalle de Producto | Perfuvalle</title>
     <description>Detalle del frasco seleccionado. Compra al por mayor con los mejores precios.</description>
     <ror:updatePeriod></ror:updatePeriod>
     <ror:sortOrder>2</ror:sortOrder>
     <ror:resourceOf>sitemap</ror:resourceOf>
</item>
<item>
     <link>https://frascos.perfuvalle.com/producto.html?id=54</link>
     <title>Detalle de Producto | Perfuvalle</title>
     <description>Detalle del frasco seleccionado. Compra al por mayor con los mejores precios.</description>
     <ror:updatePeriod></ror:updatePeriod>
     <ror:sortOrder>2</ror:sortOrder>
     <ror:resourceOf>sitemap</ror:resourceOf>
</item>
<item>
     <link>https://frascos.perfuvalle.com/producto.html?id=56</link>
     <title>Detalle de Producto | Perfuvalle</title>
     <description>Detalle del frasco seleccionado. Compra al por mayor con los mejores precios.</description>
     <ror:updatePeriod></ror:updatePeriod>
     <ror:sortOrder>2</ror:sortOrder>
     <ror:resourceOf>sitemap</ror:resourceOf>
</item>
<item>
     <link>https://frascos.perfuvalle.com/producto.html?id=57</link>
     <title>Detalle de Producto | Perfuvalle</title>
     <description>Detalle del frasco seleccionado. Compra al por mayor con los mejores precios.</description>
     <ror:updatePeriod></ror:updatePeriod>
     <ror:sortOrder>2</ror:sortOrder>
     <ror:resourceOf>sitemap</ror:resourceOf>
</item>
<item>
     <link>https://frascos.perfuvalle.com/producto.html?id=62</link>
     <title>Detalle de Producto | Perfuvalle</title>
     <description>Detalle del frasco seleccionado. Compra al por mayor con los mejores precios.</description>
     <ror:updatePeriod></ror:updatePeriod>
     <ror:sortOrder>2</ror:sortOrder>
     <ror:resourceOf>sitemap</ror:resourceOf>
</item>
<item>
     <link>https://frascos.perfuvalle.com/producto.html?id=64</link>
     <title>Detalle de Producto | Perfuvalle</title>
     <description>Detalle del frasco seleccionado. Compra al por mayor con los mejores precios.</description>
     <ror:updatePeriod></ror:updatePeriod>
     <ror:sortOrder>2</ror:sortOrder>
     <ror:resourceOf>sitemap</ror:resourceOf>
</item>
<item>
     <link>https://frascos.perfuvalle.com/producto.html?id=66</link>
     <title>Detalle de Producto | Perfuvalle</title>
     <description>Detalle del frasco seleccionado. Compra al por mayor con los mejores precios.</description>
     <ror:updatePeriod></ror:updatePeriod>
     <ror:sortOrder>2</ror:sortOrder>
     <ror:resourceOf>sitemap</ror:resourceOf>
</item>
<item>
     <link>https://frascos.perfuvalle.com/producto.html?id=68</link>
     <title>Detalle de Producto | Perfuvalle</title>
     <description>Detalle del frasco seleccionado. Compra al por mayor con los mejores precios.</description>
     <ror:updatePeriod></ror:updatePeriod>
     <ror:sortOrder>2</ror:sortOrder>
     <ror:resourceOf>sitemap</ror:resourceOf>
</item>
<item>
     <link>https://frascos.perfuvalle.com/producto.html?id=76</link>
     <title>Detalle de Producto | Perfuvalle</title>
     <description>Detalle del frasco seleccionado. Compra al por mayor con los mejores precios.</description>
     <ror:updatePeriod></ror:updatePeriod>
     <ror:sortOrder>2</ror:sortOrder>
     <ror:resourceOf>sitemap</ror:resourceOf>
</item>
<item>
     <link>https://frascos.perfuvalle.com/producto.html?id=78</link>
     <title>Detalle de Producto | Perfuvalle</title>
     <description>Detalle del frasco seleccionado. Compra al por mayor con los mejores precios.</description>
     <ror:updatePeriod></ror:updatePeriod>
     <ror:sortOrder>2</ror:sortOrder>
     <ror:resourceOf>sitemap</ror:resourceOf>
</item>
<item>
     <link>https://frascos.perfuvalle.com/producto.html?id=81</link>
     <title>Detalle de Producto | Perfuvalle</title>
     <description>Detalle del frasco seleccionado. Compra al por mayor con los mejores precios.</description>
     <ror:updatePeriod></ror:updatePeriod>
     <ror:sortOrder>2</ror:sortOrder>
     <ror:resourceOf>sitemap</ror:resourceOf>
</item>
<item>
     <link>https://frascos.perfuvalle.com/producto.html?id=82</link>
     <title>Detalle de Producto | Perfuvalle</title>
     <description>Detalle del frasco seleccionado. Compra al por mayor con los mejores precios.</description>
     <ror:updatePeriod></ror:updatePeriod>
     <ror:sortOrder>2</ror:sortOrder>
     <ror:resourceOf>sitemap</ror:resourceOf>
</item>
<item>
     <link>https://frascos.perfuvalle.com/producto.html?id=22</link>
     <title>Detalle de Producto | Perfuvalle</title>
     <description>Detalle del frasco seleccionado. Compra al por mayor con los mejores precios.</description>
     <ror:updatePeriod></ror:updatePeriod>
     <ror:sortOrder>2</ror:sortOrder>
     <ror:resourceOf>sitemap</ror:resourceOf>
</item>
<item>
     <link>https://frascos.perfuvalle.com/producto.html?id=25</link>
     <title>Detalle de Producto | Perfuvalle</title>
     <description>Detalle del frasco seleccionado. Compra al por mayor con los mejores precios.</description>
     <ror:updatePeriod></ror:updatePeriod>
     <ror:sortOrder>2</ror:sortOrder>
     <ror:resourceOf>sitemap</ror:resourceOf>
</item>
<item>
     <link>https://frascos.perfuvalle.com/producto.html?id=34</link>
     <title>Detalle de Producto | Perfuvalle</title>
     <description>Detalle del frasco seleccionado. Compra al por mayor con los mejores precios.</description>
     <ror:updatePeriod></ror:updatePeriod>
     <ror:sortOrder>2</ror:sortOrder>
     <ror:resourceOf>sitemap</ror:resourceOf>
</item>
<item>
     <link>https://frascos.perfuvalle.com/producto.html?id=39</link>
     <title>Detalle de Producto | Perfuvalle</title>
     <description>Detalle del frasco seleccionado. Compra al por mayor con los mejores precios.</description>
     <ror:updatePeriod></ror:updatePeriod>
     <ror:sortOrder>2</ror:sortOrder>
     <ror:resourceOf>sitemap</ror:resourceOf>
</item>
<item>
     <link>https://frascos.perfuvalle.com/producto.html?id=58</link>
     <title>Detalle de Producto | Perfuvalle</title>
     <description>Detalle del frasco seleccionado. Compra al por mayor con los mejores precios.</description>
     <ror:updatePeriod></ror:updatePeriod>
     <ror:sortOrder>2</ror:sortOrder>
     <ror:resourceOf>sitemap</ror:resourceOf>
</item>
<item>
     <link>https://frascos.perfuvalle.com/producto.html?id=80</link>
     <title>Detalle de Producto | Perfuvalle</title>
     <description>Detalle del frasco seleccionado. Compra al por mayor con los mejores precios.</description>
     <ror:updatePeriod></ror:updatePeriod>
     <ror:sortOrder>2</ror:sortOrder>
     <ror:resourceOf>sitemap</ror:resourceOf>
</item>
<item>
     <link>https://frascos.perfuvalle.com/producto.html?id=53</link>
     <title>Detalle de Producto | Perfuvalle</title>
     <description>Detalle del frasco seleccionado. Compra al por mayor con los mejores precios.</description>
     <ror:updatePeriod></ror:updatePeriod>
     <ror:sortOrder>2</ror:sortOrder>
     <ror:resourceOf>sitemap</ror:resourceOf>
</item>
<item>
     <link>https://frascos.perfuvalle.com/producto.html?id=73</link>
     <title>Detalle de Producto | Perfuvalle</title>
     <description>Detalle del frasco seleccionado. Compra al por mayor con los mejores precios.</description>
     <ror:updatePeriod></ror:updatePeriod>
     <ror:sortOrder>2</ror:sortOrder>
     <ror:resourceOf>sitemap</ror:resourceOf>
</item>
<item>
     <link>https://frascos.perfuvalle.com/producto.html?id=10</link>
     <title>Detalle de Producto | Perfuvalle</title>
     <description>Detalle del frasco seleccionado. Compra al por mayor con los mejores precios.</description>
     <ror:updatePeriod></ror:updatePeriod>
     <ror:sortOrder>2</ror:sortOrder>
     <ror:resourceOf>sitemap</ror:resourceOf>
</item>
<item>
     <link>https://frascos.perfuvalle.com/producto.html?id=11</link>
     <title>Detalle de Producto | Perfuvalle</title>
     <description>Detalle del frasco seleccionado. Compra al por mayor con los mejores precios.</description>
     <ror:updatePeriod></ror:updatePeriod>
     <ror:sortOrder>2</ror:sortOrder>
     <ror:resourceOf>sitemap</ror:resourceOf>
</item>
<item>
     <link>https://frascos.perfuvalle.com/producto.html?id=12</link>
     <title>Detalle de Producto | Perfuvalle</title>
     <description>Detalle del frasco seleccionado. Compra al por mayor con los mejores precios.</description>
     <ror:updatePeriod></ror:updatePeriod>
     <ror:sortOrder>2</ror:sortOrder>
     <ror:resourceOf>sitemap</ror:resourceOf>
</item>
<item>
     <link>https://frascos.perfuvalle.com/producto.html?id=70</link>
     <title>Detalle de Producto | Perfuvalle</title>
     <description>Detalle del frasco seleccionado. Compra al por mayor con los mejores precios.</description>
     <ror:updatePeriod></ror:updatePeriod>
     <ror:sortOrder>2</ror:sortOrder>
     <ror:resourceOf>sitemap</ror:resourceOf>
</item>
<item>
     <link>https://frascos.perfuvalle.com/producto.html?id=71</link>
     <title>Detalle de Producto | Perfuvalle</title>
     <description>Detalle del frasco seleccionado. Compra al por mayor con los mejores precios.</description>
     <ror:updatePeriod></ror:updatePeriod>
     <ror:sortOrder>2</ror:sortOrder>
     <ror:resourceOf>sitemap</ror:resourceOf>
</item>
<item>
     <link>https://frascos.perfuvalle.com/producto.html?id=72</link>
     <title>Detalle de Producto | Perfuvalle</title>
     <description>Detalle del frasco seleccionado. Compra al por mayor con los mejores precios.</description>
     <ror:updatePeriod></ror:updatePeriod>
     <ror:sortOrder>2</ror:sortOrder>
     <ror:resourceOf>sitemap</ror:resourceOf>
</item>
<item>
     <link>https://frascos.perfuvalle.com/producto.html?id=1</link>
     <title>Detalle de Producto | Perfuvalle</title>
     <description>Detalle del frasco seleccionado. Compra al por mayor con los mejores precios.</description>
     <ror:updatePeriod></ror:updatePeriod>
     <ror:sortOrder>2</ror:sortOrder>
     <ror:resourceOf>sitemap</ror:resourceOf>
</item>
<item>
     <link>https://frascos.perfuvalle.com/producto.html?id=2</link>
     <title>Detalle de Producto | Perfuvalle</title>
     <description>Detalle del frasco seleccionado. Compra al por mayor con los mejores precios.</description>
     <ror:updatePeriod></ror:updatePeriod>
     <ror:sortOrder>2</ror:sortOrder>
     <ror:resourceOf>sitemap</ror:resourceOf>
</item>
<item>
     <link>https://frascos.perfuvalle.com/producto.html?id=3</link>
     <title>Detalle de Producto | Perfuvalle</title>
     <description>Detalle del frasco seleccionado. Compra al por mayor con los mejores precios.</description>
     <ror:updatePeriod></ror:updatePeriod>
     <ror:sortOrder>2</ror:sortOrder>
     <ror:resourceOf>sitemap</ror:resourceOf>
</item>
<item>
     <link>https://frascos.perfuvalle.com/producto.html?id=4</link>
     <title>Detalle de Producto | Perfuvalle</title>
     <description>Detalle del frasco seleccionado. Compra al por mayor con los mejores precios.</description>
     <ror:updatePeriod></ror:updatePeriod>
     <ror:sortOrder>2</ror:sortOrder>
     <ror:resourceOf>sitemap</ror:resourceOf>
</item>
<item>
     <link>https://frascos.perfuvalle.com/producto.html?id=5</link>
     <title>Detalle de Producto | Perfuvalle</title>
     <description>Detalle del frasco seleccionado. Compra al por mayor con los mejores precios.</description>
     <ror:updatePeriod></ror:updatePeriod>
     <ror:sortOrder>2</ror:sortOrder>
     <ror:resourceOf>sitemap</ror:resourceOf>
</item>
<item>
     <link>https://frascos.perfuvalle.com/producto.html?id=6</link>
     <title>Detalle de Producto | Perfuvalle</title>
     <description>Detalle del frasco seleccionado. Compra al por mayor con los mejores precios.</description>
     <ror:updatePeriod></ror:updatePeriod>
     <ror:sortOrder>2</ror:sortOrder>
     <ror:resourceOf>sitemap</ror:resourceOf>
</item>
<item>
     <link>https://frascos.perfuvalle.com/producto.html?id=7</link>
     <title>Detalle de Producto | Perfuvalle</title>
     <description>Detalle del frasco seleccionado. Compra al por mayor con los mejores precios.</description>
     <ror:updatePeriod></ror:updatePeriod>
     <ror:sortOrder>2</ror:sortOrder>
     <ror:resourceOf>sitemap</ror:resourceOf>
</item>
<item>
     <link>https://frascos.perfuvalle.com/producto.html?id=8</link>
     <title>Detalle de Producto | Perfuvalle</title>
     <description>Detalle del frasco seleccionado. Compra al por mayor con los mejores precios.</description>
     <ror:updatePeriod></ror:updatePeriod>
     <ror:sortOrder>2</ror:sortOrder>
     <ror:resourceOf>sitemap</ror:resourceOf>
</item>
<item>
     <link>https://frascos.perfuvalle.com/producto.html?id=9</link>
     <title>Detalle de Producto | Perfuvalle</title>
     <description>Detalle del frasco seleccionado. Compra al por mayor con los mejores precios.</description>
     <ror:updatePeriod></ror:updatePeriod>
     <ror:sortOrder>2</ror:sortOrder>
     <ror:resourceOf>sitemap</ror:resourceOf>
</item>
<item>
     <link>https://frascos.perfuvalle.com/producto.html?id=46</link>
     <title>Detalle de Producto | Perfuvalle</title>
     <description>Detalle del frasco seleccionado. Compra al por mayor con los mejores precios.</description>
     <ror:updatePeriod></ror:updatePeriod>
     <ror:sortOrder>2</ror:sortOrder>
     <ror:resourceOf>sitemap</ror:resourceOf>
</item>
<item>
     <link>https://frascos.perfuvalle.com/producto.html?id=47</link>
     <title>Detalle de Producto | Perfuvalle</title>
     <description>Detalle del frasco seleccionado. Compra al por mayor con los mejores precios.</description>
     <ror:updatePeriod></ror:updatePeriod>
     <ror:sortOrder>2</ror:sortOrder>
     <ror:resourceOf>sitemap</ror:resourceOf>
</item>
<item>
     <link>https://frascos.perfuvalle.com/producto.html?id=69</link>
     <title>Detalle de Producto | Perfuvalle</title>
     <description>Detalle del frasco seleccionado. Compra al por mayor con los mejores precios.</description>
     <ror:updatePeriod></ror:updatePeriod>
     <ror:sortOrder>2</ror:sortOrder>
     <ror:resourceOf>sitemap</ror:resourceOf>
</item>
<item>
     <link>https://frascos.perfuvalle.com/producto.html?id=83</link>
     <title>Detalle de Producto | Perfuvalle</title>
     <description>Detalle del frasco seleccionado. Compra al por mayor con los mejores precios.</description>
     <ror:updatePeriod></ror:updatePeriod>
     <ror:sortOrder>2</ror:sortOrder>
     <ror:resourceOf>sitemap</ror:resourceOf>
</item>
<item>
     <link>https://frascos.perfuvalle.com/producto.html?id=84</link>
     <title>Detalle de Producto | Perfuvalle</title>
     <description>Detalle del frasco seleccionado. Compra al por mayor con los mejores precios.</description>
     <ror:updatePeriod></ror:updatePeriod>
     <ror:sortOrder>2</ror:sortOrder>
     <ror:resourceOf>sitemap</ror:resourceOf>
</item>
<item>
     <link>https://frascos.perfuvalle.com/producto.html?id=85</link>
     <title>Detalle de Producto | Perfuvalle</title>
     <description>Detalle del frasco seleccionado. Compra al por mayor con los mejores precios.</description>
     <ror:updatePeriod></ror:updatePeriod>
     <ror:sortOrder>2</ror:sortOrder>
     <ror:resourceOf>sitemap</ror:resourceOf>
</item>
</channel>
</rss>
  